"source","snapshot_date","destination","region","hotel","check_in","check_out","nights","meal","stars","transport","price_per_person_eur","price_group_eur","price_per_person_per_night_eur","confidence","archive_url"
"Fischer.sk Wayback","2025-07-09","arabske-emiraty","arabske-emiraty","bab al qasr a beach resort a spa","2025-07-09","2025-07-16","7","All inclusive","5","Letecky","2016","","288","HIGH - URL parameter DI=AI, MT=stars, PC price parsed from archived Fischer URL","https://web.archive.org/web/20250709032244id_/https://www.fischer.sk/arabske-emiraty/arabske-emiraty/abu-dhabi/bab-al-qasr-a-beach-resort-a-spa?DS=16384&GIATA=431500&D=64086%7C64087%7C64089%7C64090%7C64091%7C64092%7C64093%7C64094%7C64095%7C64096&HID=8863&MT=5&DI=AI&RCS=DR01&NN=7&MNN=7&NNM=7&DF=2025-07-02%7C2025-07-30&RD=2025-07-16&DD=2025-07-09&ERM=0&TO=4312&TT=1&PID=AUH75133&DPR=FISCHER+ATCOM&PC=29890445%2F2%2F2016%2F7&IFC=112607513%2F419168&OFC=112607506%2F419167"
"Fischer.sk Wayback","2025-07-09","arabske-emiraty","arabske-emiraty","riu hotel dubai","2025-07-19","2025-07-26","7","All inclusive","5","Letecky","2026","","289,43","HIGH - URL parameter DI=AI, MT=stars, PC price parsed from archived Fischer URL","https://web.archive.org/web/20250709033053id_/https://www.fischer.sk/arabske-emiraty/arabske-emiraty/dubaj/riu-hotel-dubai?DS=16384&GIATA=1226537&D=64086%7C64087%7C64089%7C64090%7C64091%7C64092%7C64093%7C64094%7C64095%7C64096&HID=128620&MT=5&DI=AI&RCS=DR02&NN=7&MNN=7&NNM=7&DF=2025-07-12%7C2025-08-09&RD=2025-07-26&DD=2025-07-19&ERM=0&TO=4312&TT=1&PID=DXB10206&DPR=FISCHER+ATCOM&PC=1339983%2F2%2F2026%2F7&IFC=99547082%2F381122&OFC=99546527%2F381121"
"Invia.sk Wayback","2025-07-08","bahrajn","-","vida beach resort marassi al bahrain","2025-07-11","2025-07-18","7","All inclusive","","Letecky","1293","2586","18471","MEDIUM - mealId 5 and page description indicates All Inclusive; sample mealName was null","https://web.archive.org/web/20250708172138id_/https://www.invia.sk/hotel/bahrajn/-/vida-beach-resort-marassi-al-bahrain/zajazd/?s_offer_id=eyJ0eXAiOiJKV1QiLCJhbGciOiJIUzI1NiJ9.eyJwcm92aWRlclByZWZpeCI6IklOVkYiLCJ0ZXJtSWQiOiI0MTg0NzEzODUiLCJ0b3VyT3BlcmF0b3JJZCI6MTIxLCJjaGVja0luRGF0ZSI6IjIwMjUwNzExIiwiY2hlY2tPdXREYXRlIjoiMjAyNTA3MTgiLCJkYXlzQ291bnQiOjgsImhvdGVsSWQiOjQ0MjE0OCwidG91cklkIjoxNzM4NjUxLCJ0cmFuc3BvcnRhdGlvbklkIjozLCJkZXBhcnR1cmVBaXJwb3J0Ijo1LCJvdXRib3VuZEZsaWdodERlcGFydHVyZURhdGUiOm51bGwsIm1lYWxJZCI6NSwiZGljdFJvb21JZCI6MTAwMTM2NjQ5NSwiZmxpZ2h0SW5mb0lkIjoxMDg1ODg3NDgyLCJwYXNzZW5nZXJzIjoiQUEiLCJjb3VudHJ5SWQiOjIxNSwibG9jYWxpdHlJZCI6bnVsbCwib3JpZ2luYWxUb3RhbFByaWNlIjoyNTg2LjAsIm9yaWdpbmFsQ3VycmVuY3lJZCI6M30.2Jzp_8m0kI1YtwmRyTLRp-qMB-uCqHLIrtycOd3ENoo&c_price_unit=1293&c_price_group=2586&nl_nights=7&aid=4800874&adata1=ultra"
"Invia.sk Wayback","2025-07-08","cyprus","severny-cyprus","kaya artemis","2025-07-11","2025-07-18","7","Ultra All inclusive","","Letecky","1307","2614","18671","HIGH - page sample confirmed mealName Ultra All inclusive","https://web.archive.org/web/20250708172025id_/https://www.invia.sk/hotel/cyprus/severny-cyprus/kaya-artemis/zajazd/?s_offer_id=eyJ0eXAiOiJKV1QiLCJhbGciOiJIUzI1NiJ9.eyJwcm92aWRlclByZWZpeCI6IklOVkYiLCJ0ZXJtSWQiOiI0MjA5NzY3MzkiLCJ0b3VyT3BlcmF0b3JJZCI6MTAyNTQ3LCJjaGVja0luRGF0ZSI6IjIwMjUwNzExIiwiY2hlY2tPdXREYXRlIjoiMjAyNTA3MTgiLCJkYXlzQ291bnQiOjgsImhvdGVsSWQiOjYzMDY1LCJ0b3VySWQiOjE3NjQyNTcsInRyYW5zcG9ydGF0aW9uSWQiOjMsImRlcGFydHVyZUFpcnBvcnQiOjIxLCJvdXRib3VuZEZsaWdodERlcGFydHVyZURhdGUiOiIyMDI1MDcxMVQxOTI1IiwibWVhbElkIjoxMSwiZGljdFJvb21JZCI6OTk0MjM4MTAyLCJmbGlnaHRJbmZvSWQiOjExMTY4NjYzMDIsInBhc3NlbmdlcnMiOiJBQSIsImNvdW50cnlJZCI6MjksImxvY2FsaXR5SWQiOjgzNSwib3JpZ2luYWxUb3RhbFByaWNlIjoyNjE0LjAsIm9yaWdpbmFsQ3VycmVuY3lJZCI6M30.G0JQSu7P8GrNOh2FfTp999qVnc85qnEg9YKjnE53eCY&c_price_unit=1307&c_price_group=2614&nl_nights=7&aid=4800874&adata1=ultra"
"Invia.sk Wayback","2025-07-08","kuba","varadero","gran caribe club kawama","2025-07-19","2025-07-27","7","All inclusive","","Letecky","2230","4460","31857","MEDIUM - mealId 5 and page description indicates All Inclusive; sample mealName was null","https://web.archive.org/web/20250708172359id_/https://www.invia.sk/hotel/kuba/varadero/gran-caribe-club-kawama/zajazd/?s_offer_id=eyJ0eXAiOiJKV1QiLCJhbGciOiJIUzI1NiJ9.eyJwcm92aWRlclByZWZpeCI6IklOVkYiLCJ0ZXJtSWQiOiI0NDEwMzkxMjEiLCJ0b3VyT3BlcmF0b3JJZCI6MTAxNzc4LCJjaGVja0luRGF0ZSI6IjIwMjUwNzE5IiwiY2hlY2tPdXREYXRlIjoiMjAyNTA3MjciLCJkYXlzQ291bnQiOjksImhvdGVsSWQiOjQ4ODYsInRvdXJJZCI6MTg4MDU5OSwidHJhbnNwb3J0YXRpb25JZCI6MywiZGVwYXJ0dXJlQWlycG9ydCI6MSwib3V0Ym91bmRGbGlnaHREZXBhcnR1cmVEYXRlIjpudWxsLCJtZWFsSWQiOjUsImRpY3RSb29tSWQiOjEwNjg2MDU0NjUsImZsaWdodEluZm9JZCI6MTE0OTAwNDcyOCwicGFzc2VuZ2VycyI6IkFBIiwiY291bnRyeUlkIjoxNywibG9jYWxpdHlJZCI6Mzk3LCJvcmlnaW5hbFRvdGFsUHJpY2UiOjQ0NjAuMCwib3JpZ2luYWxDdXJyZW5jeUlkIjozfQ.c7xiLLMVWZZMp6rfWUPGpZ9XS8lo2emSIZbHRMJGSh0&c_price_unit=2230&c_price_group=4460&nl_nights=7&aid=4800874&adata1=zajtra"
"Invia.sk Wayback","2025-07-08","spanielsko","mallorca","viva cala mesquida club spa","2025-07-05","2025-07-12","7","All inclusive","","Letecky","2159","4319","30843","MEDIUM - mealId 5 and page description indicates All Inclusive; sample mealName was null","https://web.archive.org/web/20250708183900id_/https://www.invia.sk/hotel/spanielsko/mallorca/viva-cala-mesquida-club-spa/zajazd/?s_offer_id=eyJ0eXAiOiJKV1QiLCJhbGciOiJIUzI1NiJ9.eyJwcm92aWRlclByZWZpeCI6IklOVkYiLCJ0ZXJtSWQiOiI0MjQyMDA5MTAiLCJ0b3VyT3BlcmF0b3JJZCI6MTAyNTUyLCJjaGVja0luRGF0ZSI6IjIwMjUwNzA1IiwiY2hlY2tPdXREYXRlIjoiMjAyNTA3MTIiLCJkYXlzQ291bnQiOjgsImhvdGVsSWQiOjg0OTIyLCJ0b3VySWQiOjE4NzUwNzAsInRyYW5zcG9ydGF0aW9uSWQiOjMsImRlcGFydHVyZUFpcnBvcnQiOjYsIm91dGJvdW5kRmxpZ2h0RGVwYXJ0dXJlRGF0ZSI6IjIwMjUwNzA1VDE3MTUiLCJtZWFsSWQiOjUsImRpY3RSb29tSWQiOjExNTE1Mzg0OTIsImZsaWdodEluZm9JZCI6MTIyMTMzNjAwNSwicGFzc2VuZ2VycyI6IkFBIiwiY291bnRyeUlkIjozMCwibG9jYWxpdHlJZCI6MjUsIm9yaWdpbmFsVG90YWxQcmljZSI6NDMxOS4wLCJvcmlnaW5hbEN1cnJlbmN5SWQiOjN9.-_4pV0R1S9252Nbj2KzxE3wxaODtH-V1q2bnYb7JxV0&c_price_unit=2159&c_price_group=4319&nl_nights=7&aid=4800874&adata1=zajtra"
"Invia.sk Wayback","2025-07-08","turecko","side","aletris deluxe hotel","2025-07-23","","4","All inclusive","","Letecky","778","1556","1945","MEDIUM - mealId 5 and page description indicates All Inclusive; sample mealName was null","https://web.archive.org/web/20250708165815id_/https://www.invia.sk/hotel/turecko/side/aletris-deluxe-hotel/zajazd/?s_offer_id=eyJ0eXAiOiJKV1QiLCJhbGciOiJIUzI1NiJ9.eyJwcm92aWRlclByZWZpeCI6IlRVSSIsIm9mZmVySWQiOiJQUkdBWVQyMDI1MDcyMzExNTAyMDI1MDcyMzIwMjUwNzI3MjIyMEwwNEFZVDQwMDIzRFpYMUFBMDIiLCJkYXRlRnJvbSI6IjIwMjUwNzIzIiwiZGF0ZVRvIjoiMjAyNTA3MjgiLCJkYXlzQ291bnQiOjYsImhvdGVsSWQiOjQzMjYwMSwidG91cklkIjoxNzQyNzI2LCJ0ZXJtSWQiOjQ0MDMxMjM3MCwidHJhbnNwb3J0YXRpb25JZCI6MywiYWlycG9ydElkIjoxLCJvdXRib3VuZEZsaWdodERlcGFydHVyZURhdGVUaW1lIjoiMjAyNTA3MjNUMTE1MCIsIm1lYWxJZCI6NSwiZGljdFJvb21JZCI6OTg5MTA0NDUxLCJyb29tQ29kZSI6IkRaWDEiLCJwYXNzZW5nZXJzIjoiQUEiLCJjb3VudHJ5SWQiOjMxLCJsb2NhbGl0eUlkIjoyMjMsImV4dGVybmFsU291cmNlTGVuZ3RoT2ZTdGF5Ijo0LCJvcmlnaW5hbFRvdGFsUHJpY2UiOjE1NTYuMCwib3JpZ2luYWxDdXJyZW5jeUlkIjozLCJ0b3VyT3BlcmF0b3JJZCI6MTAyNTY5fQ.LCU3ZCgWn2XAUiklfRgtFPrbFJdAGlNHxjURHQ6u7R0&c_price_unit=778&c_price_group=1556&nl_nights=4&aid=4800874&adata1=zajtra"
"Invia.sk Wayback","2025-07-08","turecko","side","orfeus queen","2025-07-17","2025-07-24","7","All inclusive","","Letecky","962","1924","13743","MEDIUM - mealId 5 and page description indicates All Inclusive; sample mealName was null","https://web.archive.org/web/20250708180236id_/https://www.invia.sk/hotel/turecko/side/orfeus-queen/zajazd/?s_offer_id=eyJ0eXAiOiJKV1QiLCJhbGciOiJIUzI1NiJ9.eyJwcm92aWRlclByZWZpeCI6IklOVkYiLCJ0ZXJtSWQiOiI0MzY4ODc2NzQiLCJ0b3VyT3BlcmF0b3JJZCI6MTAwLCJjaGVja0luRGF0ZSI6IjIwMjUwNzE3IiwiY2hlY2tPdXREYXRlIjoiMjAyNTA3MjQiLCJkYXlzQ291bnQiOjgsImhvdGVsSWQiOjExMTUxOSwidG91cklkIjoxNzEyNzU0LCJ0cmFuc3BvcnRhdGlvbklkIjozLCJkZXBhcnR1cmVBaXJwb3J0IjoxMywib3V0Ym91bmRGbGlnaHREZXBhcnR1cmVEYXRlIjoiMjAyNTA3MTdUMDk1MCIsIm1lYWxJZCI6NSwiZGljdFJvb21JZCI6OTg1NjQ3MDA2LCJmbGlnaHRJbmZvSWQiOjExOTU0NDM2MDAsInBhc3NlbmdlcnMiOiJBQSIsImNvdW50cnlJZCI6MzEsImxvY2FsaXR5SWQiOjIyMywib3JpZ2luYWxUb3RhbFByaWNlIjoxOTI0LjAsIm9yaWdpbmFsQ3VycmVuY3lJZCI6M30.DkTfc-KOYotevYWvYbexdI6_nwnUtFgDbOuSsRzpujQ&c_price_unit=962&c_price_group=1924&nl_nights=7&aid=4800874&adata1=ultra"
"Invia.sk Wayback","2025-07-08","turecko","kemer","transatlantik hotel spa","2025-07-15","2025-07-23","8","Ultra All inclusive","","Letecky","1143","2286","14288","HIGH - page sample confirmed mealName Ultra All inclusive","https://web.archive.org/web/20250708181157id_/https://www.invia.sk/hotel/turecko/kemer/transatlantik-hotel-spa/zajazd/?s_offer_id=eyJ0eXAiOiJKV1QiLCJhbGciOiJIUzI1NiJ9.eyJwcm92aWRlclByZWZpeCI6IklOVkYiLCJ0ZXJtSWQiOiIzOTcwODQwMDAiLCJ0b3VyT3BlcmF0b3JJZCI6MTAyNTUyLCJjaGVja0luRGF0ZSI6IjIwMjUwNzE1IiwiY2hlY2tPdXREYXRlIjoiMjAyNTA3MjMiLCJkYXlzQ291bnQiOjksImhvdGVsSWQiOjExODU2OCwidG91cklkIjoxNzQzMzM0LCJ0cmFuc3BvcnRhdGlvbklkIjozLCJkZXBhcnR1cmVBaXJwb3J0Ijo2LCJvdXRib3VuZEZsaWdodERlcGFydHVyZURhdGUiOiIyMDI1MDcxNVQxMDE1IiwibWVhbElkIjoxMSwiZGljdFJvb21JZCI6OTg5NDIyODI0LCJmbGlnaHRJbmZvSWQiOjExMzkzMTkyMjMsInBhc3NlbmdlcnMiOiJBQSIsImNvdW50cnlJZCI6MzEsImxvY2FsaXR5SWQiOjI4NCwib3JpZ2luYWxUb3RhbFByaWNlIjoyMjg2LjAsIm9yaWdpbmFsQ3VycmVuY3lJZCI6M30.AqssOm3x3bC9cm-FgsFscNpAhYwYUz88h1nd20rl_Fw&c_price_unit=1143&c_price_group=2286&nl_nights=8&aid=4800874&adata1=konecna"
"Invia.sk Wayback","2025-07-08","turecko","side","blue waters club","2025-07-02","2025-07-09","7","All inclusive","","Letecky","1532","3064","21886","MEDIUM - mealId 5 and page description indicates All Inclusive; sample mealName was null","https://web.archive.org/web/20250708184604id_/https://www.invia.sk/hotel/turecko/side/blue-waters-club/zajazd/?s_offer_id=eyJ0eXAiOiJKV1QiLCJhbGciOiJIUzI1NiJ9.eyJwcm92aWRlclByZWZpeCI6IklOVkYiLCJ0ZXJtSWQiOiI0MTUzNjE0NDMiLCJ0b3VyT3BlcmF0b3JJZCI6MTAwLCJjaGVja0luRGF0ZSI6IjIwMjUwNzAyIiwiY2hlY2tPdXREYXRlIjoiMjAyNTA3MDkiLCJkYXlzQ291bnQiOjgsImhvdGVsSWQiOjU0ODc3LCJ0b3VySWQiOjE3MTE0MTYsInRyYW5zcG9ydGF0aW9uSWQiOjMsImRlcGFydHVyZUFpcnBvcnQiOjUsIm91dGJvdW5kRmxpZ2h0RGVwYXJ0dXJlRGF0ZSI6IjIwMjUwNzAyVDE3MjAiLCJtZWFsSWQiOjUsImRpY3RSb29tSWQiOjk4MDgwOTg4MiwiZmxpZ2h0SW5mb0lkIjoxMjM1Mzk2NjM1LCJwYXNzZW5nZXJzIjoiQUEiLCJjb3VudHJ5SWQiOjMxLCJsb2NhbGl0eUlkIjoyMjMsIm9yaWdpbmFsVG90YWxQcmljZSI6MzA2NC4wLCJvcmlnaW5hbEN1cnJlbmN5SWQiOjN9.NgE3mZXmbVsvm_HOT7S1rflcLOfcppX9YYUTQTOX7QQ&c_price_unit=1532&c_price_group=3064&nl_nights=7&aid=4800874&adata1=konecna"
"Invia.sk Wayback","2025-07-08","turecko","antalya","club falcon","2025-07-17","2025-07-30","12","All inclusive","","Letecky","2171","4342","18092","MEDIUM - mealId 5 and page description indicates All Inclusive; sample mealName was null","https://web.archive.org/web/20250708180758id_/https://www.invia.sk/hotel/turecko/antalya/club-falcon/zajazd/?s_offer_id=eyJ0eXAiOiJKV1QiLCJhbGciOiJIUzI1NiJ9.eyJwcm92aWRlclByZWZpeCI6IklOVkYiLCJ0ZXJtSWQiOiI0NTYxNzEzODciLCJ0b3VyT3BlcmF0b3JJZCI6MTAyNjI2LCJjaGVja0luRGF0ZSI6IjIwMjUwNzE3IiwiY2hlY2tPdXREYXRlIjoiMjAyNTA3MzAiLCJkYXlzQ291bnQiOjE0LCJob3RlbElkIjoyMzE2MSwidG91cklkIjoxOTAxNTc0LCJ0cmFuc3BvcnRhdGlvbklkIjozLCJkZXBhcnR1cmVBaXJwb3J0IjoyMSwib3V0Ym91bmRGbGlnaHREZXBhcnR1cmVEYXRlIjoiMjAyNTA3MTdUMDIwNSIsIm1lYWxJZCI6NSwiZGljdFJvb21JZCI6MTIxMjQ4MzgwMSwiZmxpZ2h0SW5mb0lkIjoxMjU0OTcwNTYzLCJwYXNzZW5nZXJzIjoiQUEiLCJjb3VudHJ5SWQiOjMxLCJsb2NhbGl0eUlkIjoyMjYsIm9yaWdpbmFsVG90YWxQcmljZSI6NDM0Mi4wLCJvcmlnaW5hbEN1cnJlbmN5SWQiOjN9.mfnGzZDZPj1BEWHMlRhtHqF6ZTXWue5xPLXAd3z_4gg&c_price_unit=2171&c_price_group=4342&nl_nights=12&aid=4800874&adata1=konecna"
"Invia.sk Wayback","2025-07-08","turecko","antalya","delphin imperial","2025-07-29","2025-08-05","7","Ultra All inclusive","","Letecky","2408","4816","344","HIGH - page sample confirmed mealName Ultra All inclusive","https://web.archive.org/web/20250708172730id_/https://www.invia.sk/hotel/turecko/antalya/delphin-imperial/zajazd/?s_offer_id=eyJ0eXAiOiJKV1QiLCJhbGciOiJIUzI1NiJ9.eyJwcm92aWRlclByZWZpeCI6IklOVkYiLCJ0ZXJtSWQiOiI0MTkxMjM1NjMiLCJ0b3VyT3BlcmF0b3JJZCI6MTAyNTY1LCJjaGVja0luRGF0ZSI6IjIwMjUwNzI5IiwiY2hlY2tPdXREYXRlIjoiMjAyNTA4MDUiLCJkYXlzQ291bnQiOjgsImhvdGVsSWQiOjg0MTE1LCJ0b3VySWQiOjE3OTQ1MzgsInRyYW5zcG9ydGF0aW9uSWQiOjMsImRlcGFydHVyZUFpcnBvcnQiOjE2LCJvdXRib3VuZEZsaWdodERlcGFydHVyZURhdGUiOm51bGwsIm1lYWxJZCI6MTEsImRpY3RSb29tSWQiOjEwNDYwNzQ4NzgsImZsaWdodEluZm9JZCI6MTA4NzY0NzczNywicGFzc2VuZ2VycyI6IkFBIiwiY291bnRyeUlkIjozMSwibG9jYWxpdHlJZCI6MjI2LCJvcmlnaW5hbFRvdGFsUHJpY2UiOjQ4MTYuMCwib3JpZ2luYWxDdXJyZW5jeUlkIjozfQ.T67wIJ7jQ8yihmwZ-ztbsUdPM9c3fl4CAp4kBE34FGc&c_price_unit=2408&c_price_group=4816&aid=4800874&adata1=konecna"
"Invia.sk Wayback","2025-07-09","bulharsko","nesebar","festa panorama","2025-07-07","2025-07-14","7","All inclusive","","Letecky","1002","2005","14314","MEDIUM - mealId 5 and page description indicates All Inclusive; sample mealName was null","https://web.archive.org/web/20250709164452id_/https://www.invia.sk/hotel/bulharsko/nesebar/festa-panorama/zajazd/?s_offer_id=eyJ0eXAiOiJKV1QiLCJhbGciOiJIUzI1NiJ9.eyJwcm92aWRlclByZWZpeCI6IklOVkYiLCJ0ZXJtSWQiOiI0MTEwMjk2OTUiLCJ0b3VyT3BlcmF0b3JJZCI6MTAyNTQ3LCJjaGVja0luRGF0ZSI6IjIwMjUwNzA3IiwiY2hlY2tPdXREYXRlIjoiMjAyNTA3MTQiLCJkYXlzQ291bnQiOjgsImhvdGVsSWQiOjMwNzgwLCJ0b3VySWQiOjE3NjQxMjcsInRyYW5zcG9ydGF0aW9uSWQiOjMsImRlcGFydHVyZUFpcnBvcnQiOjIxLCJvdXRib3VuZEZsaWdodERlcGFydHVyZURhdGUiOm51bGwsIm1lYWxJZCI6NSwiZGljdFJvb21JZCI6OTk0MTA3MTUxLCJmbGlnaHRJbmZvSWQiOjEwODg2NTQxMDksInBhc3NlbmdlcnMiOiJBQSIsImNvdW50cnlJZCI6MzIsImxvY2FsaXR5SWQiOjI1NSwib3JpZ2luYWxUb3RhbFByaWNlIjoyMDA1LjAsIm9yaWdpbmFsQ3VycmVuY3lJZCI6M30.08B-ELM7ZllvotxFDE2omfIlyl0idyUcjF8rWUf4YPY&c_price_unit=1002&c_price_group=2005&nl_nights=7&aid=1128715"
"Invia.sk Wayback","2025-07-09","bulharsko","nesebar","kamenec","2025-07-10","2025-07-24","14","All inclusive","","Letecky","1104","2208","7886","MEDIUM - mealId 5 and page description indicates All Inclusive; sample mealName was null","https://web.archive.org/web/20250709152859id_/https://www.invia.sk/hotel/bulharsko/nesebar/kamenec/zajazd/?s_offer_id=eyJ0eXAiOiJKV1QiLCJhbGciOiJIUzI1NiJ9.eyJwcm92aWRlclByZWZpeCI6IklOVkYiLCJ0ZXJtSWQiOiI0MDkwMTQ4ODQiLCJ0b3VyT3BlcmF0b3JJZCI6NjMsImNoZWNrSW5EYXRlIjoiMjAyNTA3MTAiLCJjaGVja091dERhdGUiOiIyMDI1MDcyNCIsImRheXNDb3VudCI6MTUsImhvdGVsSWQiOjk4MzAzLCJ0b3VySWQiOjE2NjM3NjUsInRyYW5zcG9ydGF0aW9uSWQiOjMsImRlcGFydHVyZUFpcnBvcnQiOjUsIm91dGJvdW5kRmxpZ2h0RGVwYXJ0dXJlRGF0ZSI6IjIwMjUwNzEwVDA0MDAiLCJtZWFsSWQiOjUsImRpY3RSb29tSWQiOjk4NDkyNTgzNSwiZmxpZ2h0SW5mb0lkIjoxMDQ5NDc4NTE5LCJwYXNzZW5nZXJzIjoiQUEiLCJjb3VudHJ5SWQiOjMyLCJsb2NhbGl0eUlkIjoyNTUsIm9yaWdpbmFsVG90YWxQcmljZSI6MjIwOC4wLCJvcmlnaW5hbEN1cnJlbmN5SWQiOjN9.DBe_fhV7h9awVFakxAiguJlk65042zZjlCG6s2IcGio&c_price_unit=1104&c_price_group=2208&nl_nights=14&aid=1128715"
"Invia.sk Wayback","2025-07-09","bulharsko","nesebar","festa panorama","2025-07-10","2025-07-18","8","Ultra All inclusive","","Letecky","1184","2367","148","HIGH - page sample confirmed mealName Ultra All inclusive","https://web.archive.org/web/20250709161425id_/https://www.invia.sk/hotel/bulharsko/nesebar/festa-panorama/zajazd/?s_offer_id=eyJ0eXAiOiJKV1QiLCJhbGciOiJIUzI1NiJ9.eyJwcm92aWRlclByZWZpeCI6IklOVkYiLCJ0ZXJtSWQiOiI0MTU0Nzc1NjQiLCJ0b3VyT3BlcmF0b3JJZCI6NjMsImNoZWNrSW5EYXRlIjoiMjAyNTA3MTAiLCJjaGVja091dERhdGUiOiIyMDI1MDcxOCIsImRheXNDb3VudCI6OSwiaG90ZWxJZCI6MzA3ODAsInRvdXJJZCI6MTA1MzIxOSwidHJhbnNwb3J0YXRpb25JZCI6MywiZGVwYXJ0dXJlQWlycG9ydCI6MSwib3V0Ym91bmRGbGlnaHREZXBhcnR1cmVEYXRlIjoiMjAyNTA3MTBUMDYwMCIsIm1lYWxJZCI6MTEsImRpY3RSb29tSWQiOjk5NDg0NTA3MCwiZmxpZ2h0SW5mb0lkIjoxMDcxMTYzOTUwLCJwYXNzZW5nZXJzIjoiQUEiLCJjb3VudHJ5SWQiOjMyLCJsb2NhbGl0eUlkIjoyNTUsIm9yaWdpbmFsVG90YWxQcmljZSI6MjM2Ny4wLCJvcmlnaW5hbEN1cnJlbmN5SWQiOjN9.sdowTMaK2EUj-CUqxSsYbK6-bmn4YWjnm-oNVieGxgI&c_price_unit=1184&c_price_group=2367&nl_nights=8&aid=1128715"
"Invia.sk Wayback","2025-07-09","bulharsko","nesebar","sol nessebar palace","2025-07-09","2025-07-16","7","All inclusive","","Letecky","1355","2711","19357","MEDIUM - mealId 5 and page description indicates All Inclusive; sample mealName was null","https://web.archive.org/web/20250709155212id_/https://www.invia.sk/hotel/bulharsko/nesebar/sol-nessebar-palace/zajazd/?s_offer_id=eyJ0eXAiOiJKV1QiLCJhbGciOiJIUzI1NiJ9.eyJwcm92aWRlclByZWZpeCI6IklOVkYiLCJ0ZXJtSWQiOiI0MTAzMzY5MTkiLCJ0b3VyT3BlcmF0b3JJZCI6MTgsImNoZWNrSW5EYXRlIjoiMjAyNTA3MDkiLCJjaGVja091dERhdGUiOiIyMDI1MDcxNiIsImRheXNDb3VudCI6OCwiaG90ZWxJZCI6MjkwODAsInRvdXJJZCI6ODMxOTU5LCJ0cmFuc3BvcnRhdGlvbklkIjozLCJkZXBhcnR1cmVBaXJwb3J0IjozLCJvdXRib3VuZEZsaWdodERlcGFydHVyZURhdGUiOm51bGwsIm1lYWxJZCI6NSwiZGljdFJvb21JZCI6OTkyMTE2NTE3LCJmbGlnaHRJbmZvSWQiOjEwNDY4MzU2NzgsInBhc3NlbmdlcnMiOiJBQSIsImNvdW50cnlJZCI6MzIsImxvY2FsaXR5SWQiOjI1NSwib3JpZ2luYWxUb3RhbFByaWNlIjoyNzExLjAsIm9yaWdpbmFsQ3VycmVuY3lJZCI6M30.plP8y35PyGc3Vy9-MSQ3hBkNiPCS7gVKNYC-tMvIMBI&c_price_unit=1355&c_price_group=2711&nl_nights=7&aid=1128715"
"Invia.sk Wayback","2025-07-09","bulharsko","nesebar","festa panorama","2025-07-09","2025-07-19","10","Ultra All inclusive","","Letecky","1369","2737","1369","HIGH - page sample confirmed mealName Ultra All inclusive","https://web.archive.org/web/20250709151715id_/https://www.invia.sk/hotel/bulharsko/nesebar/festa-panorama/zajazd/?s_offer_id=eyJ0eXAiOiJKV1QiLCJhbGciOiJIUzI1NiJ9.eyJwcm92aWRlclByZWZpeCI6IklOVkYiLCJ0ZXJtSWQiOiI0MTU1MTQyODkiLCJ0b3VyT3BlcmF0b3JJZCI6NjMsImNoZWNrSW5EYXRlIjoiMjAyNTA3MDkiLCJjaGVja091dERhdGUiOiIyMDI1MDcxOSIsImRheXNDb3VudCI6MTEsImhvdGVsSWQiOjMwNzgwLCJ0b3VySWQiOjEwNTMyMTksInRyYW5zcG9ydGF0aW9uSWQiOjMsImRlcGFydHVyZUFpcnBvcnQiOjMsIm91dGJvdW5kRmxpZ2h0RGVwYXJ0dXJlRGF0ZSI6IjIwMjUwNzA5VDE2NTAiLCJtZWFsSWQiOjExLCJkaWN0Um9vbUlkIjo5OTQ4NDUwNzAsImZsaWdodEluZm9JZCI6MTA5MzA2OTQ1MCwicGFzc2VuZ2VycyI6IkFBIiwiY291bnRyeUlkIjozMiwibG9jYWxpdHlJZCI6MjU1LCJvcmlnaW5hbFRvdGFsUHJpY2UiOjI3MzcuMCwib3JpZ2luYWxDdXJyZW5jeUlkIjozfQ.41xGiMBrLqv-SYU_yn2ssT0pQ-NpsJwTERYqvGB4Xu0&c_price_unit=1369&c_price_group=2737&nl_nights=10&aid=1128715"
"Invia.sk Wayback","2025-07-09","bulharsko","nesebar","sol marina palace ex marina palace","2025-07-04","2025-07-14","10","All inclusive","","Letecky","1451","2902","1451","MEDIUM - mealId 5 and page description indicates All Inclusive; sample mealName was null","https://web.archive.org/web/20250709153041id_/https://www.invia.sk/hotel/bulharsko/nesebar/sol-marina-palace-ex-marina-palace/zajazd/?s_offer_id=eyJ0eXAiOiJKV1QiLCJhbGciOiJIUzI1NiJ9.eyJwcm92aWRlclByZWZpeCI6IklOVkYiLCJ0ZXJtSWQiOiI0MTg5NDY0MjkiLCJ0b3VyT3BlcmF0b3JJZCI6NjMsImNoZWNrSW5EYXRlIjoiMjAyNTA3MDQiLCJjaGVja091dERhdGUiOiIyMDI1MDcxNCIsImRheXNDb3VudCI6MTEsImhvdGVsSWQiOjg1NDIzLCJ0b3VySWQiOjE4NzA4NjgsInRyYW5zcG9ydGF0aW9uSWQiOjMsImRlcGFydHVyZUFpcnBvcnQiOjEsIm91dGJvdW5kRmxpZ2h0RGVwYXJ0dXJlRGF0ZSI6IjIwMjUwNzA0VDA2MDAiLCJtZWFsSWQiOjUsImRpY3RSb29tSWQiOjk4NDk0NDE3NywiZmxpZ2h0SW5mb0lkIjoxMDg2OTk2NDQxLCJwYXNzZW5nZXJzIjoiQUEiLCJjb3VudHJ5SWQiOjMyLCJsb2NhbGl0eUlkIjoyNTUsIm9yaWdpbmFsVG90YWxQcmljZSI6MjkwMi4wLCJvcmlnaW5hbEN1cnJlbmN5SWQiOjN9.4w-OCkVvnnadgmnmF_7rO_7Kki1R4ULU5Lxxh2xkXYQ&aid=1128715&c_price_group=2902&c_price_unit=1451&nl_nights=10"
"Invia.sk Wayback","2025-07-09","bulharsko","nesebar","sol marina palace ex marina palace","2025-07-09","2025-07-23","14","All inclusive","","Letecky","1911","3821","1365","MEDIUM - mealId 5 and page description indicates All Inclusive; sample mealName was null","https://web.archive.org/web/20250709164047id_/https://www.invia.sk/hotel/bulharsko/nesebar/sol-marina-palace-ex-marina-palace/zajazd/?s_offer_id=eyJ0eXAiOiJKV1QiLCJhbGciOiJIUzI1NiJ9.eyJwcm92aWRlclByZWZpeCI6IklOVkYiLCJ0ZXJtSWQiOiI0MTg5NDY1NzgiLCJ0b3VyT3BlcmF0b3JJZCI6NjMsImNoZWNrSW5EYXRlIjoiMjAyNTA3MDkiLCJjaGVja091dERhdGUiOiIyMDI1MDcyMyIsImRheXNDb3VudCI6MTUsImhvdGVsSWQiOjg1NDIzLCJ0b3VySWQiOjE4NzA4NjgsInRyYW5zcG9ydGF0aW9uSWQiOjMsImRlcGFydHVyZUFpcnBvcnQiOjMsIm91dGJvdW5kRmxpZ2h0RGVwYXJ0dXJlRGF0ZSI6IjIwMjUwNzA5VDA5NTUiLCJtZWFsSWQiOjUsImRpY3RSb29tSWQiOjk4NDk0NDE3NywiZmxpZ2h0SW5mb0lkIjoxMTI2MjIxMjk2LCJwYXNzZW5nZXJzIjoiQUEiLCJjb3VudHJ5SWQiOjMyLCJsb2NhbGl0eUlkIjoyNTUsIm9yaWdpbmFsVG90YWxQcmljZSI6MzgyMS4wLCJvcmlnaW5hbEN1cnJlbmN5SWQiOjN9.cGQzQtB7j-joKeJ3lek2up-RxIWoj1i8ciFAkpXuZS8&aid=1128715&c_price_group=3821&c_price_unit=1911&nl_nights=14"
"Invia.sk Wayback","2025-07-16","kanarske-ostrovy","fuerteventura","barcelo fuerteventura mar ex fuerteventura thalasso","2025-07-03","2025-07-17","14","All inclusive","","Letecky","2383","4765","17021","MEDIUM - mealId 5 and page description indicates All Inclusive; sample mealName was null","https://web.archive.org/web/20250716211925id_/https://www.invia.sk/hotel/kanarske-ostrovy/fuerteventura/barcelo-fuerteventura-mar-ex-fuerteventura-thalasso/zajazd/?s_offer_id=eyJ0eXAiOiJKV1QiLCJhbGciOiJIUzI1NiJ9.eyJwcm92aWRlclByZWZpeCI6IklOVkYiLCJ0ZXJtSWQiOiI0MTc3MjI0NzIiLCJ0b3VyT3BlcmF0b3JJZCI6NiwiY2hlY2tJbkRhdGUiOiIyMDI1MDcwMyIsImNoZWNrT3V0RGF0ZSI6IjIwMjUwNzE3IiwiZGF5c0NvdW50IjoxNSwiaG90ZWxJZCI6MjAwOSwidG91cklkIjo4NDIyMDYsInRyYW5zcG9ydGF0aW9uSWQiOjMsImRlcGFydHVyZUFpcnBvcnQiOjEsIm91dGJvdW5kRmxpZ2h0RGVwYXJ0dXJlRGF0ZSI6IjIwMjUwNzAzVDExMzAiLCJtZWFsSWQiOjUsImRpY3RSb29tSWQiOjE2MDUyMDAxLCJmbGlnaHRJbmZvSWQiOjEwODM2ODk4MzEsInBhc3NlbmdlcnMiOiJBQSIsImNvdW50cnlJZCI6OSwibG9jYWxpdHlJZCI6MTkxLCJvcmlnaW5hbFRvdGFsUHJpY2UiOjQ3NjUuMCwib3JpZ2luYWxDdXJyZW5jeUlkIjozfQ.n61QlbSm5-G6aureUYEoP3CJbEW8aNAziVSECeo8ce4&c_price_unit=2383&c_price_group=4765&nl_nights=14&aid=1128715"
